[
  {
    "id": 1,
    "nome": "Cuffie Bluetooth Sony ULT WEAR ",
    "prezzo": 149.99,
    "immagine": "https://m.media-amazon.com/images/I/31badzPpfPL.jpg",
    "descrizione": "Le cuffie Bluetooth Sony ULT WEAR offrono un’esperienza audio potente e immersiva grazie ai bassi profondi e all’audio nitido, perfette per gli amanti della musica. Dotate di cancellazione attiva del rumore, ti permettono di isolarti completamente dall’ambiente esterno per una maggiore concentrazione o relax. Il design pieghevole e compatto le rende ideali per il trasporto quotidiano, mentre i padiglioni morbidi garantiscono comfort anche durante un uso prolungato. La batteria ha un’ottima autonomia, con fino a 30 ore di riproduzione con una sola carica. Compatibili con assistenti vocali, offrono anche controlli touch intuitivi direttamente sulle cuffie.",
    "venditore": "Amazon"
  },
  {
    "id": 2,
    "nome": "Mouse Gaming Logitech G G203 LIGHTSYNC",
    "prezzo": 20.89,
    "immagine": "https://m.media-amazon.com/images/I/41zEY42v1tL.jpg",
    "descrizione": "Mouse con sensore ad alta precisione.",
    "venditore": "Amazon"
  },
  {
    "id": 3,
    "nome": "Zaino Porta PC Amazon Basics",
    "prezzo": 39.99,
    "immagine": "https://m.media-amazon.com/images/I/41T+8CTv2gL.jpg",
    "descrizione": "Zaino con scomparto per laptop da 15 pollici.",
    "venditore": "Amazon"
  },
  {
    "id": 4,
    "nome": "JBL Charge 5",
    "prezzo": 199,
    "immagine": "https://www.jblstore.it/cdn/shop/files/JBL-CHARGE-5-BIANCO_1.jpg?v=1684760960&width=990",
    "descrizione": "...",
    "venditore": "JBL"
  }
]