[
  {
    "username": "michelepiazzolla961@gmail.com",
    "password": "sdfasdfsdf"
  },
  {
    "username": "sd",
    "password": "sd"
  },
  {
    "username": "ミケーレ",
    "password": "Ciao"
  },
  {
    "username": "asdfsdaf",
    "password": "dsfsadf"
  },
  {
    "username": "michele.piazzolla19",
    "password": "fgafdgsfdgsdfgsdfg"
  },
  {
    "username": "fdsf",
    "password": "sdfsdf"
  },
  {
    "username": "MichelePiazzolla",
    "password": "mmmmmdfmfdmfeik"
  },
  {
    "username": "dfgdsfgdfg",
    "password": "fdgsdfgsdfg"
  },
  {
    "username": "hfdg",
    "password": "fdgdfg"
  }
]